player,team,position,age,salary,fair_value,quality_score,value_gap,risk,risk_adjusted_value,rating
Tyus Jones,PHO,PG,28.0,2.087519,9.93,58.17,78.98,0.0,78.98,STRONG BUY
Alperen Sengun,HOU,C,22.0,5.424654,24.68,69.23,78.02,0.0,78.02,STRONG BUY
Toumani Camara,POR,PF,24.0,1.891857,8.6,58.83,78.0,0.0,78.0,STRONG BUY
Spencer Dinwiddie,DAL,PG,31.0,2.087519,12.75,55.23,83.63,10.0,75.27,STRONG BUY
Christian Braun,DEN,SG,23.0,3.08964,12.11,63.93,74.49,0.0,74.49,STRONG BUY
Devonte' Graham,CHO,PG,24.0,1.416852,14.07,63.31,89.93,20.0,71.94,STRONG BUY
Taurean Prince,MIL,SF,30.0,2.087519,9.63,52.81,78.32,10.0,70.49,STRONG BUY
Guerschon Yabusele,PHI,C,29.0,2.087519,12.84,54.66,83.74,20.0,66.99,STRONG BUY
Jaylen Wells,MEM,SG,21.0,1.157153,3.44,50.95,66.36,0.0,66.36,STRONG BUY
Jalen Duren,DET,C,21.0,4.53684,13.46,55.99,66.29,0.0,66.29,STRONG BUY
Keon Johnson,BRK,SG,22.0,2.162606,6.38,52.4,66.1,0.0,66.1,STRONG BUY
Andrew Nembhard,IND,SG,25.0,2.019699,11.39,52.85,82.27,20.0,65.82,STRONG BUY
Quentin Grimes,PHI,SG,24.0,4.296682,12.31,59.2,65.1,0.0,65.1,STRONG BUY
Jalen Williams,OKC,SG,23.0,4.77576,24.15,69.84,80.22,20.0,64.18,STRONG BUY
Mason Plumlee,PHO,C,34.0,2.087519,13.66,42.08,84.72,25.0,63.54,STRONG BUY
Scotty Pippen Jr.,MEM,PG,24.0,2.087519,5.44,59.04,61.63,0.0,61.63,STRONG BUY
Jalen Wilson,BRK,PF,24.0,1.891857,4.79,49.26,60.5,0.0,60.5,STRONG BUY
Ty Jerome,CLE,SG,27.0,2.560975,9.81,56.02,73.89,20.0,59.11,STRONG BUY
Luke Kornet,BOS,C,29.0,2.087519,7.88,43.37,73.51,20.0,58.81,STRONG BUY
Trayce Jackson-Davis,GSW,C,24.0,1.891857,6.89,39.44,72.54,20.0,58.03,STRONG BUY
Kevin Porter Jr.,MIL,SG,24.0,3.366937,7.79,53.57,56.78,0.0,56.78,STRONG BUY
Russell Westbrook,DEN,PG,36.0,5.631296,23.06,62.92,75.58,25.0,56.69,STRONG BUY
Santi Aldama,MEM,PF,24.0,3.960531,13.24,56.2,70.09,20.0,56.07,STRONG BUY
James Ennis III,ORL,SF-SG,29.0,1.882867,6.23,44.24,69.78,20.0,55.82,STRONG BUY
Hassan Whiteside,UTA,C,32.0,2.777011,13.04,44.37,78.7,30.0,55.09,STRONG BUY
Ivica Zubac,LAC,C,27.0,11.74321,26.08,62.06,54.97,0.0,54.97,STRONG BUY
Keyonte George,UTA,PG,21.0,4.0842,13.02,59.0,68.63,20.0,54.9,STRONG BUY
Gary Trent Jr.,MIL,SG,26.0,2.087519,4.59,50.95,54.52,0.0,54.52,STRONG BUY
Khyri Thomas,HOU,SG,24.0,1.293376,13.18,49.29,90.19,40.0,54.11,STRONG BUY
Dwayne Bacon,ORL,SG,25.0,2.046005,6.31,46.75,67.58,20.0,54.06,STRONG BUY
Malik Beasley,DET,SG,28.0,6.0,12.63,57.97,52.49,0.0,52.49,STRONG BUY
Jordan McRae,DET,SG,28.0,1.645357,10.76,43.4,84.71,40.0,50.83,STRONG BUY
Walker Kessler,UTA,C,23.0,2.96592,17.17,56.85,82.73,40.0,49.64,STRONG BUY
Jalen Johnson,ATL,SF,23.0,4.510905,26.06,63.0,82.69,40.0,49.61,STRONG BUY
Scottie Barnes,TOR,PF,23.0,10.13098,26.62,67.26,61.94,20.0,49.55,STRONG BUY
Cam Thomas,BRK,SG,23.0,4.041249,23.05,52.32,82.47,40.0,49.48,STRONG BUY
Thomas Bryant,IND,C,27.0,2.087519,5.45,44.95,61.7,20.0,49.36,STRONG BUY
Sam Hauser,BOS,PF,27.0,2.092344,5.3,47.93,60.52,20.0,48.42,STRONG BUY
Mark Williams,CHO,C,23.0,4.09428,20.91,50.48,80.42,40.0,48.25,STRONG BUY
Justin Champagnie,WAS,SF,23.0,1.8,4.53,50.8,60.26,20.0,48.21,STRONG BUY
Kyle O'Quinn,PHI,C,29.0,1.620564,7.72,33.23,79.01,40.0,47.41,STRONG BUY
Cade Cunningham,DET,PG,23.0,13.940809,33.61,78.77,58.52,20.0,46.82,STRONG BUY
Shabazz Napier,WAS,PG,28.0,1.845301,8.27,49.92,77.69,40.0,46.61,STRONG BUY
Trey Murphy III,NOP,SF,24.0,5.159854,22.14,61.19,76.69,40.0,46.01,STRONG BUY
Dragan Bender,GSW,PF-C,22.0,1.678854,7.01,34.43,76.05,40.0,45.63,STRONG BUY
Karlo Matkovic,NOP,PF,23.0,1.407153,5.87,43.74,76.03,40.0,45.62,STRONG BUY
Jay Huff,MEM,C,26.0,2.088033,4.82,45.51,56.68,20.0,45.34,STRONG BUY
Carmelo Anthony,LAL,PF,37.0,3.054712,17.32,53.39,82.36,45.0,45.3,STRONG BUY
Brandin Podziemski,GSW,SG,21.0,3.51996,8.11,54.68,56.6,20.0,45.28,STRONG BUY
Yves Missi,NOP,C,20.0,3.1932,7.3,47.94,56.26,20.0,45.01,STRONG BUY
Jose Alvarado,NOP,PG,26.0,1.988598,7.96,50.65,75.02,40.0,45.01,STRONG BUY
Bruno Fernando,TOR,C,26.0,1.115128,4.29,21.73,74.01,40.0,44.41,STRONG BUY
Franz Wagner,ORL,SF,23.0,7.007092,26.62,65.94,73.68,40.0,44.21,STRONG BUY
Josh Giddey,CHI,PG,22.0,8.352367,18.57,68.49,55.02,20.0,44.02,STRONG BUY
Evan Mobley,CLE,PF,23.0,11.227657,24.9,70.07,54.91,20.0,43.93,STRONG BUY
Cameron Payne,NYK,PG,30.0,2.087519,5.54,46.19,62.32,30.0,43.62,STRONG BUY
Alfonzo McKinnie,CHI,SF,29.0,1.260426,4.48,24.72,71.87,40.0,43.12,STRONG BUY
Christian Wood,LAL,PF,28.0,2.790369,9.84,41.64,71.64,40.0,42.98,STRONG BUY
Ryan Broekhoff,DAL,SF,29.0,1.416852,4.97,27.9,71.49,40.0,42.89,STRONG BUY
Coby White,CHI,SG,24.0,12.0,20.97,64.43,42.78,0.0,42.78,STRONG BUY
Dyson Daniels,ATL,SG,21.0,6.05952,10.59,65.27,42.78,0.0,42.78,STRONG BUY
Ben McLemore,POR,SG,28.0,2.763255,5.88,44.53,53.01,20.0,42.41,STRONG BUY
Jonathan Mogbo,TOR,PF,23.0,1.862265,3.94,44.94,52.73,20.0,42.18,STRONG BUY
Trendon Watford,BRK,PF,24.0,2.726603,9.16,44.45,70.23,40.0,42.14,STRONG BUY
Skylar Mays,LAL,PG-SG,26.0,1.199904,4.01,32.65,70.08,40.0,42.05,STRONG BUY
Nemanja Bjelica,GSW,C,33.0,2.416128,10.23,48.47,76.38,45.0,42.01,STRONG BUY
Orlando Robinson,TOR,C,24.0,1.69161,5.61,40.92,69.85,40.0,41.91,STRONG BUY
Lance Stephenson,IND,SG-SF,31.0,1.867297,11.53,42.45,83.8,50.0,41.9,STRONG BUY
Shaedon Sharpe,POR,SG,21.0,6.61416,13.85,58.99,52.24,20.0,41.79,STRONG BUY
Chris Paul,SAS,PG,39.0,10.46,23.51,61.98,55.51,25.0,41.63,STRONG BUY
Jaylin Williams,OKC,PF,22.0,2.019699,6.59,44.99,69.35,40.0,41.61,STRONG BUY
Willy Hernangomez,NOP,C,27.0,2.691075,8.67,46.39,68.96,40.0,41.38,STRONG BUY
Isaiah Collier,UTA,PG,20.0,2.51268,5.2,52.78,51.68,20.0,41.34,STRONG BUY
Javonte Green,CLE,SG,31.0,2.32835,5.62,43.75,58.57,30.0,41.0,STRONG BUY
Wilson Chandler,BRK,PF,32.0,1.620564,8.84,34.9,81.67,50.0,40.84,STRONG BUY
Seth Curry,CHO,SG,34.0,2.087519,8.11,43.99,74.26,45.0,40.84,STRONG BUY
Mo Bamba,NOP,C,26.0,2.207491,6.88,33.97,67.91,40.0,40.75,STRONG BUY
Ryan Anderson,HOU,C,31.0,1.620564,8.72,18.0,81.42,50.0,40.71,STRONG BUY
Jonas Valanciunas,SAC,C,32.0,9.9,18.02,55.16,45.06,10.0,40.55,STRONG BUY
Kyle Filipowski,UTA,C,21.0,3.0,6.08,53.11,50.66,20.0,40.53,STRONG BUY
DeMarcus Cousins,DEN,C,31.0,2.357725,12.39,44.12,80.97,50.0,40.48,STRONG BUY
Daniel Theis,NOP,C,32.0,2.087519,10.69,35.29,80.47,50.0,40.23,STRONG BUY
Victor Wembanyama,SAS,C,21.0,12.76896,38.1,70.67,66.49,40.0,39.89,STRONG BUY
Bol Bol,PHO,PF,25.0,2.087519,6.17,37.61,66.17,40.0,39.7,STRONG BUY
Nick Richards,PHO,C,27.0,5.0,14.34,42.69,65.13,40.0,39.08,STRONG BUY
Nikola Jovic,MIA,PF,21.0,2.4642,6.87,47.21,64.13,40.0,38.48,STRONG BUY
Dante Exum,DAL,PG,29.0,3.15,8.65,37.71,63.58,40.0,38.15,STRONG BUY
Kelan Martin,BOS,SF,26.0,1.149131,3.04,30.51,62.2,40.0,37.32,STRONG BUY
Saddiq Bey,ATL,SF,24.0,4.692389,8.79,51.78,46.62,20.0,37.3,STRONG BUY
Paolo Banchero,ORL,PF,22.0,12.1608,31.94,65.29,61.93,40.0,37.16,STRONG BUY
Austin Reaves,LAL,SG,26.0,12.976362,24.22,67.68,46.42,20.0,37.14,STRONG BUY
Garrison Mathews,ATL,SG,28.0,2.230253,5.77,39.86,61.35,40.0,36.81,STRONG BUY
Jalen Green,HOU,SG,22.0,12.483048,19.72,65.33,36.7,0.0,36.7,STRONG BUY
Patrick Beverley,MIL,PG,35.0,3.291427,9.89,47.95,66.72,45.0,36.7,STRONG BUY
Nicolas Batum,LAC,PF,36.0,4.668,9.06,46.62,48.48,25.0,36.36,STRONG BUY
Vince Williams Jr.,MEM,SG,24.0,2.120693,5.34,33.37,60.29,40.0,36.17,STRONG BUY
Danuel House Jr.,HOU,SF,26.0,3.54,6.46,49.76,45.2,20.0,36.16,STRONG BUY
Tristan Vukcevic,WAS,C,20.0,2.496945,6.01,31.64,58.45,40.0,35.07,STRONG BUY
Mouhamed Gueye,ATL,PF,22.0,1.891857,4.53,35.74,58.24,40.0,34.94,STRONG BUY
Nickeil Alexander-Walker,MIN,SG,26.0,4.3125,6.62,53.88,34.86,0.0,34.86,STRONG BUY
Jaxson Hayes,LAL,C,24.0,2.463946,5.77,38.58,57.3,40.0,34.38,STRONG BUY
Tari Eason,HOU,PF,23.0,3.69516,8.62,54.65,57.13,40.0,34.28,STRONG BUY
Svi Mykhailiuk,UTA,SF,27.0,3.5,8.12,38.49,56.9,40.0,34.14,STRONG BUY
Kel'el Ware,MIA,C,20.0,4.2318,7.3,52.23,42.03,20.0,33.62,STRONG BUY
Damion Lee,PHO,SG,32.0,2.087519,6.04,22.77,65.44,50.0,32.72,STRONG BUY
Glenn Robinson III,SAC,SF,27.0,1.420167,3.12,29.96,54.48,40.0,32.69,STRONG BUY
Montrezl Harrell,PHI,C,29.0,2.612008,5.74,33.52,54.49,40.0,32.69,STRONG BUY
Sam Merrill,CLE,SG,28.0,2.164993,3.65,45.72,40.69,20.0,32.55,STRONG BUY
Jabari Parker,BOS,PF,26.0,1.350944,2.95,28.16,54.21,40.0,32.53,STRONG BUY
Ish Smith,WAS,PG,31.0,6.0,11.16,55.56,46.24,30.0,32.37,STRONG BUY
Kyshawn George,WAS,SG,21.0,2.82552,4.74,49.59,40.39,20.0,32.31,STRONG BUY
Kelly Oubre Jr.,PHI,SF,29.0,7.983,16.88,55.16,52.71,40.0,31.63,STRONG BUY
Bennedict Mathurin,IND,SF,22.0,7.24572,11.97,56.88,39.47,20.0,31.58,STRONG BUY
Andre Drummond,PHI,C,31.0,5.0,13.48,39.52,62.91,50.0,31.45,STRONG BUY
Edmond Sumner,BRK,SG,27.0,2.086832,4.32,40.63,51.69,40.0,31.01,STRONG BUY
Peyton Watson,DEN,SF,22.0,2.41356,3.94,50.29,38.74,20.0,30.99,STRONG BUY
Dalano Banton,POR,PG,25.0,2.19697,3.57,45.89,38.46,20.0,30.77,STRONG BUY
Vince Carter,ATL,PF,43.0,1.620564,13.41,37.17,87.92,65.0,30.77,STRONG BUY
Rodney McGruder,DET,SG,31.0,2.43695,6.26,33.87,61.07,50.0,30.54,STRONG BUY
Julian Champagnie,SAS,SF,23.0,3.0,4.29,52.54,30.07,0.0,30.07,STRONG BUY
Jared McCain,PHI,SG,20.0,4.02036,8.02,43.25,49.87,40.0,29.92,BUY
Lou Williams,LAC,PG,33.0,8.0,17.41,60.02,54.05,45.0,29.73,BUY
Taj Gibson,CHO,C,39.0,2.087519,13.5,35.01,84.54,65.0,29.59,BUY
DaQuan Jeffries,CHO,SG,27.0,2.425404,4.77,38.99,49.15,40.0,29.49,BUY
Markieff Morris,LAL,PF,35.0,2.087519,13.18,22.09,84.16,65.0,29.46,BUY
Jaden Ivey,DET,SG,22.0,7.97724,15.64,52.32,48.99,40.0,29.39,BUY
Kyle Korver,MIL,SF,38.0,1.620564,10.09,41.95,83.94,65.0,29.38,BUY
James Johnson,IND,PF,37.0,2.087519,12.98,10.94,83.92,65.0,29.37,BUY
LaMarcus Aldridge,BRK,C,36.0,3.054712,18.83,48.16,83.78,65.0,29.32,BUY
DeAndre Jordan,DEN,C,36.0,2.087519,12.72,34.34,83.59,65.0,29.26,BUY
Chet Holmgren,OKC,C,22.0,10.88064,21.05,54.36,48.31,40.0,28.99,BUY
Jae Crowder,SAC,PF,34.0,1.655619,9.27,19.97,82.14,65.0,28.75,BUY
Naji Marshall,DAL,SF,27.0,8.571429,13.38,54.67,35.94,20.0,28.75,BUY
Anderson Varejao,CLE,C,38.0,2.610087,13.73,12.79,80.99,65.0,28.35,BUY
Kyle Lowry,PHI,PG,38.0,2.087519,10.98,34.5,80.99,65.0,28.35,BUY
JaKarr Sampson,IND,PF,27.0,2.294633,4.33,28.07,47.01,40.0,28.21,BUY
Amen Thompson,HOU,SF,22.0,9.24996,14.28,64.02,35.22,20.0,28.18,BUY
Udonis Haslem,MIA,C,42.0,3.081038,15.62,21.37,80.28,65.0,28.1,BUY
Garrett Temple,TOR,SG,38.0,2.087519,10.33,23.0,79.79,65.0,27.93,BUY
Joe Ingles,MIN,SF,37.0,2.087519,10.25,17.2,79.63,65.0,27.87,BUY
Alec Burks,MIA,SG,33.0,2.087519,10.24,40.58,79.61,65.0,27.86,BUY
Buddy Hield,GSW,SG,32.0,8.780488,12.71,53.27,30.92,10.0,27.83,BUY
Tristan Thompson,CLE,C,33.0,2.087519,10.15,23.19,79.43,65.0,27.8,BUY
Isaiah Jackson,IND,C,23.0,4.435381,8.21,28.72,45.98,40.0,27.59,BUY
Ayo Dosunmu,CHI,SG,25.0,7.0,12.94,50.79,45.9,40.0,27.54,BUY
Thabo Sefolosha,HOU,PF,35.0,1.620564,7.33,30.63,77.89,65.0,27.26,BUY
Andre Iguodala,GSW,SF,39.0,3.081038,13.68,21.86,77.48,65.0,27.12,BUY
Avery Bradley,LAL,SG,31.0,3.054712,4.96,42.79,38.41,30.0,26.89,BUY
Marc Gasol,LAL,C,36.0,3.125642,13.36,44.98,76.6,65.0,26.81,BUY
Tyson Chandler,HOU,C,37.0,1.620564,6.8,21.06,76.17,65.0,26.66,BUY
Tre Mann,CHO,PG,23.0,4.908373,8.82,41.09,44.35,40.0,26.61,BUY
Ersan Ilyasova,UTA,PF,33.0,1.455778,6.05,27.51,75.94,65.0,26.58,BUY
Brandon Miller,CHO,SF,22.0,11.4246,20.43,53.66,44.08,40.0,26.45,BUY
Kevin Love,MIA,PF,36.0,3.85,15.72,32.09,75.51,65.0,26.43,BUY
Keegan Murray,SAC,PF,24.0,8.80956,11.96,56.78,26.34,0.0,26.34,BUY
Derrick Rose,MEM,PG,35.0,3.291427,13.04,36.89,74.76,65.0,26.17,BUY
Dwight Howard,LAL,C,36.0,3.054712,11.93,48.62,74.39,65.0,26.04,BUY
Payton Pritchard,BOS,PG,27.0,6.696429,9.02,60.46,25.76,0.0,25.76,BUY
Denzel Valentine,UTA,SG,28.0,1.16286,2.03,27.59,42.72,40.0,25.63,BUY
Eric Gordon,PHI,SG,36.0,3.303771,12.19,38.33,72.9,65.0,25.52,BUY
Trevor Ariza,LAL,SF,36.0,3.054712,11.25,27.97,72.85,65.0,25.5,BUY
Gradey Dick,TOR,SG,21.0,4.76376,8.23,49.2,42.12,40.0,25.27,BUY
Kent Bazemore,LAL,SF,32.0,2.777011,5.6,31.67,50.41,50.0,25.2,BUY
Wes Iwundu,ORL,SF,25.0,1.61842,2.79,38.86,41.99,40.0,25.19,BUY
Paul Millsap,PHI,PF,36.0,3.054712,10.79,29.22,71.69,65.0,25.09,BUY
Alex Len,LAL,C,31.0,2.831348,5.6,31.27,49.44,50.0,24.72,BUY
Zach Edey,MEM,C,22.0,5.75688,8.3,55.0,30.64,20.0,24.51,BUY
Jonathan Kuminga,GSW,PF,22.0,7.636307,12.84,49.54,40.53,40.0,24.32,BUY
Blake Griffin,BOS,C,33.0,3.081038,9.76,36.87,68.43,65.0,23.95,BUY
Dereck Lively II,DAL,C,20.0,5.01456,8.34,41.38,39.87,40.0,23.92,BUY
Justise Winslow,POR,SF,26.0,4.344594,7.2,40.1,39.66,40.0,23.8,BUY
Royce O'Neale,PHO,SF,31.0,9.375,12.73,53.64,26.36,10.0,23.72,BUY
E'Twaun Moore,PHO,SG,31.0,2.841492,5.39,31.77,47.28,50.0,23.64,BUY
Anthony Gill,WAS,PF,32.0,2.237691,4.24,32.78,47.22,50.0,23.61,BUY
Dylan Windler,ATL,SF,27.0,1.149455,1.89,26.46,39.18,40.0,23.51,BUY
Patty Mills,LAC,PG,36.0,2.087519,6.32,28.43,66.97,65.0,23.44,BUY
Bobby Portis,MIL,PF,29.0,12.578286,20.63,53.58,39.03,40.0,23.42,BUY
Thanasis Antetokounmpo,MIL,PF,31.0,2.416341,4.54,19.76,46.78,50.0,23.39,BUY
Serge Ibaka,MIL,C,33.0,3.081038,9.1,27.69,66.14,65.0,23.15,BUY
Ochai Agbaji,TOR,SG,24.0,4.31028,6.05,51.47,28.76,20.0,23.01,BUY
Solomon Hill,ATL,PF,30.0,2.763255,5.1,14.12,45.82,50.0,22.91,BUY
Wesley Matthews,ATL,SG,37.0,3.291427,9.4,29.81,64.98,65.0,22.74,BUY
Chimezie Metu,DET,C,26.0,2.777404,4.44,40.97,37.45,40.0,22.47,BUY
Torrey Craig,BOS,SF,34.0,3.625162,10.1,31.36,64.11,65.0,22.44,BUY
Josh Hart,NYK,SG,29.0,18.144,23.3,68.79,22.13,0.0,22.13,BUY
Nikola Vucevic,CHI,C,34.0,20.0,33.43,69.47,40.17,45.0,22.09,BUY
Carsen Edwards,DET,SG,23.0,2.150071,3.37,24.81,36.2,40.0,21.72,BUY
DeMar DeRozan,SAC,SF,35.0,23.4,32.93,66.28,28.94,25.0,21.71,BUY
James Wiseman,IND,C,23.0,2.237691,3.5,14.41,36.07,40.0,21.64,BUY
Gorgui Dieng,SAS,C,33.0,4.352732,11.4,31.19,61.82,65.0,21.64,BUY
Wayne Ellington,LAL,SG,34.0,3.054712,7.88,36.75,61.23,65.0,21.43,BUY
Georges Niang,ATL,PF,31.0,8.5,11.11,51.63,23.49,10.0,21.14,BUY
Doug McDermott,SAC,SF,33.0,2.087519,5.23,31.24,60.09,65.0,21.03,BUY
Delon Wright,NYK,PG,32.0,2.087519,3.6,32.19,42.01,50.0,21.0,BUY
Marquese Chriss,DAL,PF,24.0,1.495041,2.3,33.01,35.0,40.0,21.0,BUY
Mike Conley,MIN,PG,37.0,9.975962,16.0,52.98,37.65,45.0,20.71,BUY
Vlatko Cancar,DEN,PF,27.0,2.087519,3.17,21.9,34.15,40.0,20.49,BUY
Dennis Schroder,DET,PG,31.0,13.02525,16.85,57.54,22.7,10.0,20.43,BUY
Al Horford,BOS,C,38.0,9.5,22.56,50.33,57.89,65.0,20.26,BUY
Jared Dudley,LAL,PF,35.0,3.125642,7.35,17.97,57.47,65.0,20.11,BUY
Jalen Suggs,ORL,PG,23.0,9.188385,13.8,51.6,33.42,40.0,20.05,BUY
Bruno Caboclo,HOU,PF,25.0,2.47223,3.71,14.61,33.36,40.0,20.02,BUY
Robin Lopez,MIL,C,35.0,3.291427,7.16,18.65,54.03,65.0,18.91,BUY
Jeremy Sochan,SAS,PF,21.0,5.57004,8.03,51.55,30.63,40.0,18.38,BUY
Dario Saric,DEN,C,30.0,5.168,8.11,25.51,36.28,50.0,18.14,BUY
Jordan Clarkson,UTA,SG,32.0,14.092577,21.97,49.09,35.86,50.0,17.93,BUY
Duop Reath,POR,C,28.0,2.04878,2.9,33.84,29.35,40.0,17.61,BUY
Josh Richardson,MIA,SG,31.0,3.051153,4.7,23.18,35.08,50.0,17.54,BUY
Sandro Mamukelashvili,SAS,PF,25.0,2.087519,2.95,43.35,29.24,40.0,17.54,BUY
Abdel Nader,PHO,SF,28.0,2.312695,3.26,22.86,29.06,40.0,17.44,BUY
Boban Marjanovic,DAL,C,33.0,4.047216,8.04,27.26,49.66,65.0,17.38,BUY
Day'Ron Sharpe,BRK,C,23.0,3.989122,5.61,45.76,28.89,40.0,17.33,BUY
Cody Zeller,NOP,C,31.0,3.291427,4.99,31.56,34.04,50.0,17.02,BUY
JaVale McGee,SAC,C,36.0,5.709529,10.73,32.69,46.79,65.0,16.38,BUY
Derrick White,BOS,SG,30.0,20.071429,24.52,65.12,18.14,10.0,16.33,BUY
Charles Bassey,SAS,C,24.0,2.087519,2.86,29.38,27.01,40.0,16.21,BUY
Jaime Jaquez Jr.,MIA,SF,23.0,3.6858,4.61,48.89,20.05,20.0,16.04,BUY
Justin Holiday,DEN,SG,34.0,3.291427,6.03,39.85,45.42,65.0,15.9,BUY
George Hill,IND,PG,36.0,4.241152,7.73,39.02,45.13,65.0,15.8,BUY
Deni Avdija,POR,SF,24.0,15.625,19.45,64.39,19.67,20.0,15.74,BUY
Ed Davis,CLE,C,32.0,3.054712,4.43,21.36,31.04,50.0,15.52,BUY
Omari Spellman,GSW,C,22.0,1.8978,2.55,43.49,25.58,40.0,15.35,BUY
Rudy Gay,UTA,PF,36.0,6.557351,11.66,36.09,43.76,65.0,15.32,BUY
Mike Muscala,OKC,C,32.0,4.436312,6.37,32.76,30.36,50.0,15.18,BUY
Malik Monk,SAC,SG,26.0,17.405203,21.47,60.95,18.93,20.0,15.14,BUY
Shake Milton,LAL,SG,28.0,2.875,3.82,40.44,24.74,40.0,14.84,HOLD
T.J. Warren,IND,SF,26.0,10.81,13.26,61.77,18.48,20.0,14.78,HOLD
Troy Brown Jr.,WAS,SF,20.0,3.21948,3.94,53.15,18.29,20.0,14.63,HOLD
Neemias Queta,BOS,C,25.0,2.162606,2.64,36.01,18.08,20.0,14.46,HOLD
Jalen Brunson,NYK,PG,28.0,24.960001,30.46,71.1,18.06,20.0,14.45,HOLD
Jeff Green,HOU,PF,38.0,8.0,13.59,33.03,41.13,65.0,14.4,HOLD
Austin Rivers,MIN,SG,30.0,3.081038,4.3,37.7,28.35,50.0,14.18,HOLD
Caleb Swanigan,POR,PF-C,22.0,2.03316,2.66,24.25,23.57,40.0,14.14,HOLD
P.J. Washington,DAL,PF,26.0,15.5,20.25,58.68,23.46,40.0,14.08,HOLD
Frank Kaminsky,HOU,C,29.0,2.612008,3.4,32.18,23.18,40.0,13.91,HOLD
Reggie Jackson,PHI,PG,34.0,4.033748,6.63,31.11,39.16,65.0,13.71,HOLD
D.J. Augustin,ORL,PG,32.0,7.25,9.93,48.15,26.99,50.0,13.49,HOLD
Lindy Waters III,DET,SG,27.0,2.19697,2.83,36.52,22.37,40.0,13.42,HOLD
T.J. McConnell,IND,PG,32.0,9.3,10.92,55.25,14.84,10.0,13.36,HOLD
Moritz Wagner,ORL,C,27.0,11.0,14.08,45.62,21.88,40.0,13.13,HOLD
Semi Ojeleye,LAC,PF,27.0,2.069001,2.63,26.15,21.33,40.0,12.8,HOLD
Danilo Gallinari,MIL,PF-SF,35.0,8.083317,12.69,36.54,36.3,65.0,12.7,HOLD
Kris Dunn,LAC,PG,30.0,5.168,6.01,51.36,14.01,10.0,12.61,HOLD
Klay Thompson,DAL,SF,34.0,15.873016,20.53,54.45,22.68,45.0,12.47,HOLD
Jordan Nwora,TOR,SF,25.0,3.089141,3.89,40.83,20.59,40.0,12.35,HOLD
Ricky Rubio,CLE,PG,32.0,6.206564,8.24,34.0,24.68,50.0,12.34,HOLD
Yuta Watanabe,MEM,SF,29.0,2.416341,3.04,27.79,20.52,40.0,12.31,HOLD
Jeff Teague,MIL,PG,32.0,4.110433,5.42,43.15,24.16,50.0,12.08,HOLD
Victor Oladipo,MIA,SG,30.0,9.27752,12.06,46.03,23.07,50.0,11.54,HOLD
Alex Sarr,WAS,C,19.0,11.24568,13.11,55.96,14.22,20.0,11.38,HOLD
Chris Boucher,TOR,PF,32.0,10.81,13.95,45.1,22.51,50.0,11.26,HOLD
Myles Turner,IND,C,28.0,19.9285,23.14,63.14,13.88,20.0,11.1,HOLD
Larry Nance Jr.,ATL,PF,32.0,11.205,14.37,40.77,22.03,50.0,11.02,HOLD
Omer Yurtseven,UTA,C,25.0,2.883199,3.51,35.69,17.86,40.0,10.72,HOLD
Rodney Hood,LAC,SF-SG,29.0,2.589691,3.15,32.97,17.79,40.0,10.67,HOLD
Patrick Patterson,LAC,PF,31.0,4.649028,5.85,34.16,20.53,50.0,10.27,HOLD
Isaiah Livers,DET,PF,25.0,1.890653,2.28,28.08,17.08,40.0,10.25,HOLD
Norman Powell,LAC,SG,31.0,19.241379,24.15,60.18,20.33,50.0,10.16,HOLD
Vincent Poirier,PHI,C,27.0,3.192005,3.83,9.49,16.66,40.0,10.0,HOLD
James Harden,LAC,PG,35.0,33.653846,38.73,77.28,13.11,25.0,9.83,HOLD
Bilal Coulibaly,WAS,SF,20.0,6.94524,8.22,52.95,15.51,40.0,9.31,HOLD
Corey Kispert,WAS,SF,25.0,5.705887,6.74,47.71,15.34,40.0,9.2,HOLD
Monte Morris,PHO,PG,29.0,2.087519,2.43,36.31,14.09,40.0,8.45,HOLD
Jayson Tatum,BOS,PF,26.0,34.84834,38.95,76.25,10.53,20.0,8.42,HOLD
Daniel Gafford,DAL,C,26.0,13.39416,15.58,47.42,14.03,40.0,8.42,HOLD
Amir Coffey,LAC,SG,27.0,3.938271,4.38,48.73,10.09,20.0,8.07,HOLD
Kyle Anderson,MIA,PF,31.0,8.780488,10.46,45.97,16.06,50.0,8.03,HOLD
Donte DiVincenzo,MIN,SG,28.0,11.445,12.72,54.06,10.02,20.0,8.02,HOLD
Stanley Johnson,SAS,SF,26.0,4.264651,4.91,38.75,13.14,40.0,7.88,HOLD
Naz Reid,MIN,C,25.0,13.986432,15.17,60.97,7.8,0.0,7.8,HOLD
Jakob Poeltl,TOR,C,29.0,19.5,22.39,62.51,12.91,40.0,7.75,HOLD
Kelly Olynyk,NOP,C,33.0,12.804878,16.43,47.58,22.06,65.0,7.72,HOLD
Goga Bitadze,ORL,C,25.0,9.057971,10.02,49.5,9.6,20.0,7.68,HOLD
Sterling Brown,LAL,SG,27.0,3.310857,3.79,5.39,12.64,40.0,7.58,HOLD
Treveon Graham,ATL,SF,26.0,1.645357,1.88,34.66,12.48,40.0,7.49,HOLD
Cory Joseph,ORL,PG,33.0,3.303771,4.18,35.78,20.96,65.0,7.34,HOLD
Aron Baynes,TOR,C,34.0,8.53084,10.71,39.34,20.35,65.0,7.12,HOLD
Dwight Powell,DAL,C,33.0,4.0,5.0,40.16,20.0,65.0,7.0,HOLD
Dean Wade,CLE,PF,28.0,6.166667,6.97,42.72,11.53,40.0,6.92,HOLD
DeAndre' Bembry,ATL,SG,25.0,2.603982,2.93,38.71,11.13,40.0,6.68,HOLD
Ricky Council IV,PHI,SF,23.0,1.891857,2.06,42.57,8.16,20.0,6.53,HOLD
Dewayne Dedmon,PHI,C,33.0,8.783094,10.69,35.52,17.84,65.0,6.24,HOLD
Brook Lopez,MIL,C,36.0,23.0,25.08,61.27,8.29,25.0,6.22,HOLD
Luc Mbah a Moute,HOU,PF,33.0,4.3205,5.25,11.15,17.7,65.0,6.19,HOLD
Marco Belinelli,SAS,SG,33.0,5.846154,7.05,38.8,17.08,65.0,5.98,HOLD
Nick Smith Jr.,CHO,SG,20.0,2.5872,2.86,44.25,9.54,40.0,5.72,HOLD
Kenrich Williams,OKC,PF,30.0,6.669,7.26,46.55,8.14,30.0,5.7,HOLD
Rajon Rondo,CLE,PG,35.0,8.672605,10.17,40.18,14.72,65.0,5.15,HOLD
Shai Gilgeous-Alexander,OKC,PG,26.0,35.85995,37.65,82.08,4.75,0.0,4.75,HOLD
Thaddeus Young,PHO,PF,35.0,9.278104,10.7,32.51,13.29,65.0,4.65,HOLD
Bryn Forbes,MIN,SG,29.0,2.43695,2.64,25.26,7.69,40.0,4.61,HOLD
Amile Jefferson,ORL,PF,26.0,1.529007,1.65,13.14,7.33,40.0,4.4,HOLD
Miles Bridges,CHO,PF,26.0,27.173913,28.74,63.13,5.45,20.0,4.36,HOLD
Richaun Holmes,WAS,PF,31.0,12.648321,13.74,33.08,7.95,50.0,3.98,HOLD
Ryan Arcidiacono,NYK,PG,29.0,2.603356,2.77,5.76,6.02,40.0,3.61,HOLD
Onyeka Okongwu,ATL,C,24.0,14.0,14.51,62.13,3.51,0.0,3.51,HOLD
Mike Scott,PHI,PF,32.0,6.099977,6.53,35.69,6.59,50.0,3.29,HOLD
Giannis Antetokounmpo,MIL,PF,30.0,48.787676,51.19,81.81,4.69,30.0,3.28,HOLD
Trent Forrest,ATL,SG,25.0,1.146002,1.21,28.08,5.29,40.0,3.17,HOLD
Cody Martin,PHO,SF,29.0,8.12,8.56,43.44,5.14,40.0,3.08,HOLD
Eugene Omoruyi,WAS,SF,26.0,1.503157,1.58,34.26,4.86,40.0,2.92,HOLD
Noah Clowney,BRK,PF,20.0,3.24408,3.39,40.19,4.3,40.0,2.58,HOLD
Nicolo Melli,DAL,PF,30.0,4.749771,4.98,30.43,4.62,50.0,2.31,HOLD
Jaren Jackson Jr.,MEM,C,25.0,25.257798,25.72,68.47,1.8,0.0,1.8,HOLD
RJ Barrett,TOR,SF,24.0,25.794643,26.58,64.38,2.95,40.0,1.77,HOLD
Vasilije Micic,PHO,PG,31.0,7.723,7.99,37.78,3.34,50.0,1.67,HOLD
Pat Connaughton,MIL,SG,32.0,9.423869,9.73,36.31,3.15,50.0,1.57,HOLD
Jordan Hawkins,NOP,SG,22.0,4.52568,4.62,43.52,2.04,40.0,1.22,HOLD
Keita Bates-Diop,BRK,SF,28.0,2.416341,2.46,35.89,1.77,40.0,1.06,HOLD
Collin Sexton,UTA,SG,26.0,18.35,18.56,59.25,1.13,20.0,0.9,HOLD
LeBron James,LAL,SF,40.0,48.728845,49.38,78.16,1.32,45.0,0.73,HOLD
Cameron Johnson,BRK,PF,28.0,22.5,22.69,59.17,0.84,40.0,0.5,HOLD
Ben Sheppard,IND,SG,23.0,2.66388,-1.54,41.58,0.0,20.0,0.0,HOLD
Caleb Houstan,ORL,SF,22.0,2.019699,-4.89,37.81,0.0,40.0,0.0,HOLD
Bryce McGowens,CHO,SG,21.0,1.770967,-2.51,38.55,0.0,40.0,0.0,HOLD
Jaden Springer,UTA,SG,22.0,4.772772,-4.11,29.34,0.0,40.0,0.0,HOLD
Jamal Shead,TOR,PG,22.0,1.862265,-0.73,48.83,0.0,0.0,0.0,HOLD
Jarace Walker,IND,PF,21.0,6.36252,-0.13,48.58,0.0,0.0,0.0,HOLD
Joe Wieskamp,TOR,SF,23.0,3.084654,-0.25,13.63,0.0,40.0,0.0,HOLD
Jaylon Tyson,CLE,SG,22.0,3.32616,-3.17,34.27,0.0,40.0,0.0,HOLD
Baylor Scheierman,BOS,SG,24.0,2.49432,-0.35,29.3,0.0,40.0,0.0,HOLD
Johnny Davis,WAS,SG,22.0,5.29116,-3.69,26.02,0.0,40.0,0.0,HOLD
Johnny Furphy,IND,SG,20.0,1.850842,-6.93,31.05,0.0,40.0,0.0,HOLD
Jordan McLaughlin,SAS,PG,28.0,2.087519,-2.53,33.14,0.0,40.0,0.0,HOLD
Jordan Miller,LAC,SF,25.0,1.05,-0.12,29.12,0.0,40.0,0.0,HOLD
Jordan Walsh,BOS,PF,20.0,1.891857,-5.72,29.54,0.0,40.0,0.0,HOLD
Josh Christopher,HOU,SG,21.0,2.515172,-2.19,38.41,0.0,20.0,0.0,HOLD
Josh Minott,MIN,SF,22.0,2.019699,-4.65,32.62,0.0,40.0,0.0,HOLD
Bones Hyland,MIN,PG,24.0,4.158439,-0.91,32.69,0.0,40.0,0.0,HOLD
Blake Wesley,SAS,SG,21.0,2.62428,-3.74,37.47,0.0,40.0,0.0,HOLD
Bobi Klintman,DET,SF,21.0,1.257153,-4.0,26.63,0.0,40.0,0.0,HOLD
Kendall Brown,IND,SG,20.0,1.132685,-5.22,14.41,0.0,40.0,0.0,HOLD
Jabari Walker,POR,SF,22.0,2.019699,-2.26,42.84,0.0,40.0,0.0,HOLD
Bronny James,LAL,SG,20.0,1.157153,-4.78,23.53,0.0,40.0,0.0,HOLD
Julian Phillips,CHI,SF,21.0,1.891857,-5.53,43.21,0.0,0.0,0.0,HOLD
Theo Maledon,OKC,PG,20.0,2.312695,-0.91,39.4,0.0,40.0,0.0,HOLD
Terrance Ferguson,PHI,SG,22.0,4.806534,-1.88,6.35,0.0,40.0,0.0,HOLD
Justin James,SAC,SF,24.0,1.84995,-0.14,31.35,0.0,40.0,0.0,HOLD
Jalen McDaniels,WAS,SF,27.0,4.861772,-1.33,2.18,0.0,40.0,0.0,HOLD
Jalen Lecque,IND,PG,20.0,1.84995,-2.97,5.74,0.0,40.0,0.0,HOLD
James Bouknight,CHO,SG,23.0,4.705875,-0.65,25.33,0.0,40.0,0.0,HOLD
Kai Jones,CHO,C,22.0,3.08442,-1.27,34.08,0.0,40.0,0.0,HOLD
KZ Okpala,SAC,PF,23.0,2.016808,-2.72,27.39,0.0,40.0,0.0,HOLD
Tidjane Salaun,CHO,PF,19.0,7.48872,-0.85,39.59,0.0,40.0,0.0,HOLD
Jett Howard,ORL,SF,21.0,5.27832,-3.77,35.07,0.0,40.0,0.0,HOLD
Kobe Brown,LAC,PF,25.0,2.53392,-0.54,27.73,0.0,40.0,0.0,HOLD
Killian Tillie,MEM,C,23.0,2.198939,-0.37,29.85,0.0,40.0,0.0,HOLD
Lester Quinones,GSW,SG,23.0,1.141537,-0.24,32.24,0.0,40.0,0.0,HOLD
Isaac Bonga,TOR,SF,22.0,1.999575,-2.7,16.79,0.0,40.0,0.0,HOLD
Hunter Tyson,DEN,PF,24.0,1.891857,-1.74,31.23,0.0,40.0,0.0,HOLD
Ryan Rollins,MIL,PG,22.0,1.091887,-2.43,44.13,0.0,40.0,0.0,HOLD
Leonard Miller,MIN,SF,21.0,1.891857,-4.27,12.5,0.0,40.0,0.0,HOLD
Gui Santos,GSW,PF,22.0,1.891857,-1.68,39.14,0.0,40.0,0.0,HOLD
Furkan Korkmaz,PHI,SG,26.0,5.529945,-0.38,29.0,0.0,40.0,0.0,HOLD
Malaki Branham,SAS,SG,21.0,3.21792,-3.33,35.88,0.0,40.0,0.0,HOLD
MarJon Beauchamp,NYK,SF,24.0,2.73372,-2.11,27.78,0.0,40.0,0.0,HOLD
Gabe Vincent,LAL,PG,28.0,11.0,-0.1,43.82,0.0,20.0,0.0,HOLD
Rodions Kurucs,MIL,SF-PF,22.0,2.169456,-0.01,22.42,0.0,40.0,0.0,HOLD
Ron Holland,DET,SF,19.0,8.24532,-3.99,44.69,0.0,0.0,0.0,HOLD
Leandro Bolmaro,UTA,SG,22.0,1.81235,-0.87,8.16,0.0,40.0,0.0,HOLD
Kris Murray,POR,SF,24.0,2.99004,-1.22,38.35,0.0,20.0,0.0,HOLD
Ja'Kobe Walter,TOR,SG,20.0,3.465,-0.0,42.81,0.0,40.0,0.0,HOLD
Kessler Edwards,SAC,SF,23.0,1.985181,-4.09,33.0,0.0,40.0,0.0,HOLD
Cam Christie,LAC,SG,19.0,1.157153,-4.8,15.8,0.0,40.0,0.0,HOLD
Cam Reddish,LAL,SF,25.0,2.463946,-1.19,30.34,0.0,40.0,0.0,HOLD
Cody Williams,UTA,SG,20.0,5.46912,-3.13,33.6,0.0,40.0,0.0,HOLD
Christian Koloko,TOR,C,22.0,1.590432,-0.48,33.47,0.0,40.0,0.0,HOLD
Chris Livingston,MIL,SF,21.0,1.891857,-3.59,14.06,0.0,40.0,0.0,HOLD
Colby Jones,WAS,SG,22.0,2.120693,-2.05,34.62,0.0,40.0,0.0,HOLD
Chandler Hutchison,PHO,SF,25.0,4.884626,-1.21,11.5,0.0,40.0,0.0,HOLD
JT Thor,CHO,PF,21.0,1.890653,-2.94,38.13,0.0,20.0,0.0,HOLD
Kennedy Chandler,MEM,PG,20.0,1.272345,-5.01,25.29,0.0,40.0,0.0,HOLD
Isaiah Todd,WAS,PF,21.0,1.669953,-0.65,11.06,0.0,40.0,0.0,HOLD
Sidy Cissoko,POR,SF,20.0,1.891857,-4.79,21.74,0.0,40.0,0.0,HOLD
Ariel Hukporti,NYK,C,22.0,1.064049,-2.22,21.45,0.0,40.0,0.0,HOLD
Andre Jackson Jr.,MIL,SG,23.0,1.891857,-1.79,42.8,0.0,20.0,0.0,HOLD
Zhaire Smith,PHI,SF,20.0,3.0588,-2.21,8.87,0.0,40.0,0.0,HOLD
Alen Smailagic,GSW,PF,20.0,1.84995,-1.75,24.64,0.0,40.0,0.0,HOLD
Ajay Mitchell,OKC,SG,22.0,3.0,-0.4,38.31,0.0,40.0,0.0,HOLD
AJ Griffin,ATL,SF,20.0,3.823245,-4.35,19.81,0.0,40.0,0.0,HOLD
Zeke Nnaji,DEN,PF,24.0,8.888889,-1.01,37.69,0.0,40.0,0.0,HOLD
Devin Carter,SAC,PG,22.0,4.689,-4.0,30.64,0.0,40.0,0.0,HOLD
Didi Louzada,POR,SG-SF,22.0,2.066251,-1.27,24.77,0.0,40.0,0.0,HOLD
Deividas Sirvydis,DET,SG,21.0,1.854271,-1.11,12.17,0.0,40.0,0.0,HOLD
Olivier-Maxence Prosper,DAL,PF,22.0,2.8704,-1.41,33.21,0.0,40.0,0.0,HOLD
Jericho Sims,MIL,C,26.0,2.092344,-0.25,29.91,0.0,40.0,0.0,HOLD
Wendell Moore Jr.,CHO,SG,23.0,2.53704,-1.61,34.32,0.0,40.0,0.0,HOLD
Tyler Smith,MIL,PF,20.0,1.157153,-4.28,27.99,0.0,40.0,0.0,HOLD
Tyler Kolek,NYK,PG,23.0,2.087519,-4.76,28.73,0.0,40.0,0.0,HOLD
Tyrell Terry,MEM,PG,21.0,2.161719,-8.51,11.32,0.0,40.0,0.0,HOLD
Usman Garuba,GSW,PF,21.0,3.253679,-0.25,7.71,0.0,40.0,0.0,HOLD
Frank Ntilikina,CHO,PG,25.0,2.603356,-1.4,9.23,0.0,40.0,0.0,HOLD
Elijah Hughes,POR,SG-SF,23.0,1.755313,-0.5,27.44,0.0,40.0,0.0,HOLD
Quinn Cook,CLE,PG,27.0,2.415018,-0.15,27.74,0.0,40.0,0.0,HOLD
Pelle Larsson,MIA,SG,23.0,1.157153,-1.94,37.94,0.0,40.0,0.0,HOLD
Patrick McCaw,TOR,SF,25.0,4.874765,-3.54,14.75,0.0,40.0,0.0,HOLD
Patrick Baldwin Jr.,LAC,SF,22.0,2.44884,-4.71,28.22,0.0,40.0,0.0,HOLD
PJ Dozier,MIN,SG,28.0,1.051255,-1.08,24.51,0.0,40.0,0.0,HOLD
Pacome Dadiet,NYK,SG,19.0,1.80808,-6.03,21.12,0.0,40.0,0.0,HOLD
Oso Ighodaro,PHO,PF,22.0,1.157153,-0.42,35.68,0.0,40.0,0.0,HOLD
Ousmane Dieng,OKC,C,21.0,5.02704,-2.0,32.27,0.0,40.0,0.0,HOLD
Elie Okobo,PHO,PG,22.0,1.416852,-2.1,37.91,0.0,40.0,0.0,HOLD
Maxwell Lewis,BRK,SF,22.0,1.891857,-1.52,30.91,0.0,40.0,0.0,HOLD
Marcus Sasser,DET,PG,24.0,2.75508,-1.32,42.87,0.0,40.0,0.0,HOLD
Marko Simonovic,CHI,C,23.0,1.657779,-1.04,13.72,0.0,40.0,0.0,HOLD
Dariq Whitehead,BRK,SF,20.0,3.11424,-2.03,29.54,0.0,40.0,0.0,HOLD
Rayan Rupert,POR,SG,20.0,1.891857,-6.46,31.59,0.0,40.0,0.0,HOLD
Reed Sheppard,HOU,PG,20.0,10.09896,-6.31,36.5,0.0,40.0,0.0,HOLD
Rob Dillingham,MIN,PG,20.0,6.26292,-5.52,36.33,0.0,40.0,0.0,HOLD
Luka Samanic,SAS,PF,21.0,3.441974,-0.22,29.07,0.0,40.0,0.0,HOLD
Dalen Terry,CHI,SG,22.0,3.51048,-3.61,43.29,0.0,20.0,0.0,HOLD
Craig Porter Jr.,CLE,PG,24.0,1.891857,-3.91,38.77,0.0,40.0,0.0,HOLD
Dillon Jones,OKC,SF,23.0,2.62236,-1.96,32.47,0.0,40.0,0.0,HOLD
Nigel Williams-Goss,UTA,PG,25.0,1.5,-1.89,18.37,0.0,40.0,0.0,HOLD
Nassir Little,PHO,SF,23.0,6.435712,-1.98,32.14,0.0,40.0,0.0,HOLD
Dzanan Musa,BRK,SF,20.0,1.9116,-1.04,30.54,0.0,40.0,0.0,HOLD
Caleb Martin,DAL,SF,29.0,9.186594,9.18,43.75,-0.07,40.0,-0.04,CAUTION
Jusuf Nurkic,CHO,C,30.0,18.125,18.05,49.13,-0.42,50.0,-0.21,CAUTION
Draymond Green,GSW,PF,34.0,24.107143,24.0,59.01,-0.45,45.0,-0.25,CAUTION
Ziaire Williams,BRK,SF,23.0,6.133005,6.11,48.37,-0.38,20.0,-0.3,CAUTION
Mario Hezonja,POR,PF,24.0,1.737145,1.72,38.18,-1.0,40.0,-0.6,CAUTION
Anthony Davis,DAL,PF,31.0,43.21944,42.62,71.59,-1.41,50.0,-0.7,CAUTION
Matthew Dellavedova,SAC,PG,32.0,2.787069,2.73,25.83,-2.09,50.0,-1.04,CAUTION
Nikola Jokic,DEN,C,29.0,51.415938,50.49,92.34,-1.83,20.0,-1.46,CAUTION
Jabari Smith Jr.,HOU,PF,21.0,9.77088,9.5,50.45,-2.85,40.0,-1.71,CAUTION
JaMychal Green,GSW,PF,32.0,8.69436,8.39,44.04,-3.63,50.0,-1.81,CAUTION
Kristaps Porzingis,BOS,C,29.0,29.268293,28.28,58.86,-3.49,40.0,-2.09,CAUTION
David Nwaba,HOU,SF,29.0,5.377016,5.17,37.62,-4.0,40.0,-2.4,CAUTION
Tyler Herro,MIA,SG,25.0,29.0,28.3,71.27,-2.47,0.0,-2.47,CAUTION
Brice Sensabaugh,UTA,SF,21.0,2.57148,2.45,50.55,-4.96,20.0,-3.97,CAUTION
Tony Snell,NOP,SG,30.0,2.763255,2.55,34.96,-8.36,50.0,-4.18,CAUTION
C.J. Miles,WAS,SF,32.0,8.333333,7.66,27.29,-8.79,50.0,-4.39,CAUTION
Stanley Umude,DET,SG,24.0,1.130875,1.05,31.6,-7.7,40.0,-4.62,CAUTION
Jarrett Allen,CLE,C,26.0,20.0,18.97,56.68,-5.43,0.0,-5.43,CAUTION
Grant Williams,CHO,PF,26.0,13.02525,11.94,41.46,-9.09,40.0,-5.45,CAUTION
Haywood Highsmith,MIA,SF,28.0,5.2,4.93,49.23,-5.48,0.0,-5.48,CAUTION
Trey Lyles,SAC,PF,29.0,8.0,7.48,45.63,-6.95,20.0,-5.56,CAUTION
Precious Achiuwa,NYK,C,25.0,6.0,5.46,44.64,-9.89,40.0,-5.93,CAUTION
Drew Eubanks,LAC,C,27.0,5.0,4.48,45.03,-11.61,40.0,-6.97,CAUTION
John Collins,UTA,PF,27.0,26.58,23.73,59.18,-12.01,40.0,-7.21,CAUTION
CJ McCollum,NOP,PG,33.0,33.333333,27.21,60.28,-22.5,65.0,-7.87,CAUTION
Dejounte Murray,NOP,PG,28.0,29.517135,26.09,58.69,-13.14,40.0,-7.88,CAUTION
Wendell Carter Jr.,ORL,C,25.0,11.95,10.84,50.19,-10.24,20.0,-8.19,CAUTION
Maxi Kleber,DAL,PF,33.0,11.0,8.9,30.12,-23.6,65.0,-8.26,CAUTION
Gary Payton II,GSW,SG,32.0,9.13,8.16,45.46,-11.89,30.0,-8.32,CAUTION
Ian Mahinmi,WAS,C,33.0,15.450051,12.48,40.18,-23.8,65.0,-8.33,CAUTION
Robert Covington,PHI,SF-PF,33.0,12.039732,9.58,35.23,-25.68,65.0,-8.99,CAUTION
Vit Krejci,ATL,PG,24.0,2.162606,1.88,47.09,-15.03,40.0,-9.02,CAUTION
P.J. Tucker,NYK,SF,39.0,12.025777,9.56,24.13,-25.79,65.0,-9.03,CAUTION
Caris LeVert,ATL,SG,30.0,16.615384,14.71,54.07,-12.95,30.0,-9.06,CAUTION
Lance Thomas,BRK,PF,31.0,7.11965,6.02,20.97,-18.27,50.0,-9.13,CAUTION
Jalen Smith,CHI,C,24.0,8.571429,7.66,46.98,-11.9,20.0,-9.52,CAUTION
Daniel Oturu,TOR,C,22.0,1.85427,1.6,14.73,-15.89,40.0,-9.53,CAUTION
Talen Horton-Tucker,CHI,SG,24.0,2.087519,1.8,40.6,-15.97,40.0,-9.58,CAUTION
Isaiah Roby,SAS,PF,24.0,2.471192,2.13,33.29,-16.02,40.0,-9.61,CAUTION
Kevin Durant,PHO,PF,36.0,51.179021,43.4,72.37,-17.92,45.0,-9.86,CAUTION
Harrison Barnes,SAS,PF,32.0,18.0,16.22,56.18,-10.97,10.0,-9.87,CAUTION
Tobias Harris,DET,PF,32.0,25.365854,22.13,58.51,-14.62,30.0,-10.23,CAUTION
Bojan Bogdanovic,UTA,PF,32.0,21.623698,18.85,56.55,-14.71,30.0,-10.3,CAUTION
Luka Doncic,LAL,PG,25.0,43.03194,36.61,76.28,-17.54,40.0,-10.52,CAUTION
Alex Caruso,OKC,SG,30.0,9.89,8.16,47.01,-21.2,50.0,-10.6,CAUTION
Zion Williamson,NOP,PF,24.0,36.72567,31.2,62.24,-17.71,40.0,-10.63,CAUTION
Malcolm Brogdon,WAS,PG,32.0,22.5,18.48,41.87,-21.75,50.0,-10.88,CAUTION
De'Anthony Melton,GSW,SG,26.0,12.822,10.79,36.81,-18.83,40.0,-11.3,CAUTION
John Henson,DET,C,29.0,9.732396,8.17,38.92,-19.12,40.0,-11.47,CAUTION
Aaron Nesmith,IND,SF,25.0,11.0,9.2,47.56,-19.57,40.0,-11.74,CAUTION
Jalen Hood-Schifino,PHI,SG,21.0,3.87984,3.22,30.73,-20.49,40.0,-12.29,CAUTION
Damian Lillard,MIL,PG,34.0,48.787676,35.92,69.83,-35.82,65.0,-12.54,CAUTION
Bogdan Bogdanovic,LAC,SG,32.0,17.26,13.7,47.33,-25.99,50.0,-12.99,CAUTION
Luke Kennard,MEM,SG,28.0,9.25,7.95,50.77,-16.35,20.0,-13.08,CAUTION
Aaron Gordon,DEN,PF,29.0,22.841455,18.75,54.34,-21.82,40.0,-13.09,CAUTION
Kyrie Irving,DAL,SG,32.0,41.0,32.39,66.06,-26.58,50.0,-13.29,CAUTION
Kyle Kuzma,MIL,PF,29.0,24.456061,20.94,53.58,-16.79,20.0,-13.43,CAUTION
Andrew Wiggins,MIA,SF,29.0,26.276786,21.41,58.6,-22.73,40.0,-13.64,CAUTION
Jeremiah Robinson-Earl,NOP,PF,24.0,2.19697,1.87,45.16,-17.49,20.0,-13.99,CAUTION
Brandon Ingram,NOP,SF,27.0,36.0162,29.2,56.21,-23.34,40.0,-14.0,CAUTION
Keon Ellis,SAC,SG,25.0,2.120693,1.86,54.83,-14.02,0.0,-14.02,CAUTION
Robert Williams,POR,C,27.0,12.428571,10.03,40.6,-23.91,40.0,-14.35,CAUTION
Julius Randle,MIN,PF,30.0,33.07392,27.44,64.31,-20.53,30.0,-14.37,CAUTION
GG Jackson II,MEM,PF,20.0,1.891857,1.52,33.36,-24.46,40.0,-14.68,CAUTION
LaMelo Ball,CHO,PG,23.0,35.147,28.0,66.37,-25.52,40.0,-15.31,CAUTION
Tim Hardaway Jr.,DET,SG,32.0,16.193183,13.81,49.81,-17.26,10.0,-15.53,CAUTION
Donovan Mitchell,CLE,SG,28.0,35.41031,29.52,68.9,-19.95,20.0,-15.96,CAUTION
D'Angelo Russell,BRK,PG,28.0,18.692307,14.74,52.48,-26.81,40.0,-16.09,CAUTION
Max Strus,CLE,SF,28.0,15.212068,11.97,47.18,-27.08,40.0,-16.25,CAUTION
Khris Middleton,WAS,SF,33.0,31.0,20.82,47.87,-48.9,65.0,-17.11,CAUTION
Matt Thomas,CHI,SG,27.0,1.930149,1.5,32.13,-28.68,40.0,-17.21,CAUTION
Clint Capela,ATL,C,30.0,22.26528,16.54,42.88,-34.61,50.0,-17.3,CAUTION
Domantas Sabonis,SAC,C,28.0,40.5,33.29,74.57,-21.66,20.0,-17.33,CAUTION
Ausar Thompson,DET,SF,22.0,8.376,6.47,51.02,-29.46,40.0,-17.68,CAUTION
Damian Jones,CLE,C,28.0,2.663525,2.04,30.25,-30.56,40.0,-18.34,CAUTION
Joel Embiid,PHI,C,30.0,51.415938,37.18,56.93,-38.29,50.0,-19.14,CAUTION
Eric Paschall,UTA,PF,25.0,2.061329,1.55,39.46,-32.99,40.0,-19.79,CAUTION
Allonzo Trier,NYK,SG,24.0,3.551,2.66,31.79,-33.5,40.0,-20.1,SELL
Noah Vonleh,BOS,C,27.0,1.230946,0.92,23.61,-33.8,40.0,-20.28,SELL
Stephon Castle,SAS,PG,20.0,9.10512,7.57,58.5,-20.28,0.0,-20.28,SELL
Aaron Wiggins,OKC,SG,26.0,10.514017,8.66,54.69,-21.41,0.0,-21.41,SELL
Kawhi Leonard,LAC,SF,33.0,49.2058,30.29,60.06,-62.45,65.0,-21.86,SELL
Tyrese Maxey,PHI,PG,24.0,35.147,25.65,67.71,-37.03,40.0,-22.22,SELL
Jaden Hardy,DAL,SG,22.0,2.019699,1.47,42.99,-37.39,40.0,-22.43,SELL
Derrick Favors,OKC,C,30.0,11.240738,7.76,32.22,-44.85,50.0,-22.43,SELL
Ja Morant,MEM,PG,25.0,36.72567,26.69,64.69,-37.6,40.0,-22.56,SELL
Rui Hachimura,LAL,PF,26.0,17.0,12.23,53.06,-39.0,40.0,-23.4,SELL
De'Aaron Fox,SAS,PG,27.0,34.84834,26.93,68.37,-29.4,20.0,-23.52,SELL
Isaiah Hartenstein,OKC,C,26.0,30.0,21.47,52.29,-39.73,40.0,-23.84,SELL
Mikal Bridges,NYK,SF,28.0,23.3,18.81,63.57,-23.87,0.0,-23.87,SELL
Theo Pinson,DAL,SG,27.0,2.086832,1.48,30.2,-41.0,40.0,-24.6,SELL
Marcus Morris,CLE,PF,34.0,18.13561,10.63,39.4,-70.61,65.0,-24.71,SELL
Anfernee Simons,POR,SG,25.0,25.892857,19.76,61.28,-31.04,20.0,-24.83,SELL
Herbert Jones,NOP,SF,26.0,12.976362,9.16,42.58,-41.66,40.0,-25.0,SELL
Jimmy Butler,GSW,SF,35.0,48.798677,27.91,60.95,-74.84,65.0,-26.19,SELL
Al-Farouq Aminu,CHI,PF,30.0,11.846777,7.76,30.03,-52.66,50.0,-26.33,SELL
Jerami Grant,POR,PF,30.0,29.793104,19.45,49.62,-53.18,50.0,-26.59,SELL
Jeremy Lamb,SAC,SF-SG,29.0,12.141649,8.38,41.16,-44.89,40.0,-26.93,SELL
Jock Landale,HOU,C,29.0,8.0,5.51,38.48,-45.19,40.0,-27.11,SELL
Bub Carrington,WAS,PG,19.0,4.45488,3.5,55.93,-27.28,0.0,-27.28,SELL
Paul George,PHI,PF,34.0,49.2058,27.54,56.23,-78.67,65.0,-27.53,SELL
Jamison Battle,TOR,SF,23.0,1.0,0.68,42.31,-47.06,40.0,-28.24,SELL
Karl-Anthony Towns,NYK,C,29.0,49.2058,36.31,75.56,-35.52,20.0,-28.42,SELL
Goran Dragic,BRK,PG,35.0,22.37406,12.33,35.49,-81.46,65.0,-28.51,SELL
Stephen Curry,GSW,PG,36.0,55.761216,36.24,71.3,-53.87,45.0,-29.63,SELL
Desmond Bane,MEM,SG,26.0,34.00525,24.79,67.73,-37.17,20.0,-29.74,SELL
Cedi Osman,SAS,SF,28.0,6.918485,5.03,47.32,-37.54,20.0,-30.03,SELL
Adem Bona,PHI,C,21.0,1.157153,0.77,37.23,-50.28,40.0,-30.17,SELL
Bam Adebayo,MIA,C,27.0,34.84834,26.56,70.57,-31.21,0.0,-31.21,SELL
Jordan Poole,WAS,SG,25.0,29.651786,21.28,63.82,-39.34,20.0,-31.47,SELL
Trae Young,ATL,PG,26.0,43.03194,32.5,75.14,-32.41,0.0,-32.41,SELL
Steven Adams,HOU,C,31.0,12.6,7.64,35.05,-64.92,50.0,-32.46,SELL
Terrence Ross,PHO,SG,31.0,12.193311,8.32,44.9,-46.55,30.0,-32.58,SELL
Dorian Finney-Smith,LAL,PF,31.0,14.924167,10.18,48.68,-46.6,30.0,-32.62,SELL
Thon Maker,CLE,C,23.0,2.117043,1.37,19.05,-54.53,40.0,-32.72,SELL
Trey Burke,DAL,PG,29.0,3.642494,2.34,32.45,-55.66,40.0,-33.4,SELL
Johnny Juzang,UTA,SG,23.0,3.087519,2.15,45.39,-43.61,20.0,-34.89,SELL
Will Barton,TOR,SG,32.0,15.967631,9.39,41.57,-70.05,50.0,-35.02,SELL
David Roddy,HOU,PF,23.0,2.967212,1.87,32.74,-58.67,40.0,-35.2,SELL
Brandon Clarke,MEM,PF,28.0,12.5,8.64,43.25,-44.68,20.0,-35.74,SELL
Sasha Vezenkov,SAC,PF,28.0,6.529894,4.09,35.87,-59.66,40.0,-35.8,SELL
AJ Johnson,WAS,SG,20.0,2.795294,1.74,33.31,-60.65,40.0,-36.39,SELL
A.J. Green,MIL,SG,25.0,2.120693,1.45,46.87,-46.25,20.0,-37.0,SELL
Kevin Pangos,CLE,PG,29.0,1.814515,1.11,21.01,-63.47,40.0,-38.08,SELL
Davion Mitchell,MIA,PG,26.0,6.451077,4.66,54.65,-38.44,0.0,-38.44,SELL
Donovan Clingan,POR,C,20.0,6.8364,4.61,51.37,-48.3,20.0,-38.64,SELL
Kevon Looney,GSW,C,28.0,8.0,5.77,51.09,-38.65,0.0,-38.65,SELL
Sindarius Thornwell,ORL,SG,26.0,1.506167,0.91,23.82,-65.51,40.0,-39.31,SELL
Eric Bledsoe,LAC,PG,32.0,20.958799,11.73,49.65,-78.68,50.0,-39.34,SELL
Tomas Satoransky,WAS,SG,30.0,11.563475,6.41,36.26,-80.4,50.0,-40.2,SELL
D.J. Wilson,MIL,PF,23.0,2.96112,1.77,28.4,-67.29,40.0,-40.37,SELL
De'Andre Hunter,CLE,SF,27.0,21.696429,14.39,55.54,-50.77,20.0,-40.62,SELL
Jonah Bolden,PHO,C,24.0,1.69845,1.01,11.77,-68.16,40.0,-40.9,SELL
Dru Smith,MIA,SG,26.0,1.855306,1.09,30.35,-70.21,40.0,-42.13,SELL
Anthony Edwards,MIN,SG,23.0,42.1764,29.64,75.59,-42.3,0.0,-42.3,SELL
Deandre Ayton,POR,C,26.0,34.005126,19.91,51.29,-70.79,40.0,-42.47,SELL
Matisse Thybulle,POR,SG,27.0,11.025,6.44,40.13,-71.2,40.0,-42.72,SELL
Jamal Murray,DEN,PG,27.0,36.0162,23.46,68.9,-53.52,20.0,-42.82,SELL
Immanuel Quickley,TOR,PG,25.0,32.5,18.81,52.37,-72.78,40.0,-43.67,SELL
Courtney Lee,DAL,SG,34.0,12.75967,5.64,32.32,-126.24,65.0,-44.18,SELL
Pascal Siakam,IND,PF,30.0,42.1764,28.26,68.58,-49.24,10.0,-44.32,SELL
Gordon Hayward,OKC,SF,33.0,34.309448,14.92,48.66,-129.96,65.0,-45.49,SELL
Landry Shamet,NYK,SG,27.0,1.34369,0.76,37.55,-76.8,40.0,-46.08,SELL
Ante Zizic,CLE,C,23.0,2.2818,1.29,22.72,-76.88,40.0,-46.13,SELL
Derrick Jones Jr.,LAC,SF,27.0,9.52381,6.51,52.4,-46.3,0.0,-46.3,SELL
Jrue Holiday,BOS,PG,34.0,30.0,16.24,53.76,-84.73,45.0,-46.6,SELL
Obi Toppin,IND,PF,26.0,12.975,8.81,54.19,-47.28,0.0,-47.28,SELL
Grayson Allen,PHO,SG,29.0,15.625,9.74,50.31,-60.42,20.0,-48.34,SELL
Darius Miller,OKC,SF,30.0,8.53084,4.29,30.82,-98.85,50.0,-49.42,SELL
Josh Jackson,SAC,SF,24.0,5.787924,3.17,37.02,-82.58,40.0,-49.55,SELL
Devin Booker,PHO,SG,28.0,49.2058,32.59,72.43,-50.98,0.0,-50.98,SELL
Gabriel Deck,OKC,PF,26.0,1.954813,1.05,25.44,-86.17,40.0,-51.7,SELL
Willie Cauley-Stein,PHI,C,28.0,4.879881,2.54,27.58,-92.12,40.0,-55.27,SELL
Jake LaRavia,SAC,PF,23.0,3.35268,1.98,49.61,-69.33,20.0,-55.46,SELL
Duncan Robinson,MIA,SF,30.0,19.406,11.9,51.34,-63.08,10.0,-56.77,SELL
Zach LaVine,SAC,SF,29.0,44.53194,28.36,68.37,-57.02,0.0,-57.02,SELL
Ryan Dunn,PHO,SF,22.0,2.5308,1.6,45.69,-58.17,0.0,-58.17,SELL
Dillon Brooks,HOU,SF,29.0,22.255493,14.04,55.17,-58.51,0.0,-58.51,SELL
Lauri Markkanen,UTA,PF,27.0,42.1764,21.22,52.91,-98.76,40.0,-59.26,SELL
Marcus Smart,WAS,PG,30.0,20.210284,9.23,41.09,-118.96,50.0,-59.48,SELL
Paul Reed,DET,C,25.0,3.913234,1.95,37.49,-100.68,40.0,-60.41,SELL
Antonio Reeves,NOP,SG,24.0,1.157153,0.57,37.97,-103.01,40.0,-61.81,SELL
Jaylen Brown,BOS,SF,28.0,49.2058,27.69,65.02,-77.7,20.0,-62.16,SELL
Aleksej Pokusevski,CHO,PF,22.0,5.740458,2.8,33.2,-105.02,40.0,-63.01,SELL
Cam Whitmore,HOU,SF,20.0,3.37908,1.64,42.8,-106.04,40.0,-63.62,SELL
Khem Birch,TOR,C,30.0,7.06947,3.09,29.79,-128.79,50.0,-64.39,SELL
Tyrese Haliburton,IND,PG,24.0,42.1764,23.23,72.85,-81.56,20.0,-65.25,SELL
Evan Fournier,DET,SG,31.0,19.417463,8.35,32.35,-132.54,50.0,-66.27,SELL
Bradley Beal,PHO,SG,31.0,50.20393,21.4,57.33,-134.6,50.0,-67.3,SELL
Fred VanVleet,HOU,PG,30.0,42.846615,18.06,57.79,-137.25,50.0,-68.62,SELL
Rudy Gobert,MIN,C,32.0,43.827586,22.05,54.84,-98.76,30.0,-69.13,SELL
Nic Claxton,BRK,C,25.0,27.556817,14.6,56.21,-88.75,20.0,-71.0,SELL
Harry Giles,LAL,C,25.0,2.37509,1.07,22.66,-121.97,40.0,-73.18,SELL
Jalen Pickett,DEN,SG,25.0,1.891857,0.84,38.12,-125.22,40.0,-75.13,SELL
Maurice Harkless,NYK,PF-SF,26.0,11.011234,5.66,45.4,-94.54,20.0,-75.63,SELL
Dalton Knecht,LAL,SF,23.0,3.81912,2.16,48.22,-76.81,0.0,-76.81,SELL
Darius Garland,CLE,PG,25.0,36.72567,20.73,69.04,-77.16,0.0,-77.16,SELL
Devin Vassell,SAS,SG,24.0,29.347826,14.93,57.96,-96.57,20.0,-77.26,SELL
Michael Porter Jr.,DEN,SF,26.0,35.85995,19.81,63.96,-81.02,0.0,-81.02,SELL
Kendrick Nunn,WAS,SG-PG,27.0,5.566512,2.75,43.44,-102.42,20.0,-81.94,SELL
Simone Fontecchio,DET,SF,29.0,7.692308,4.17,43.55,-84.47,0.0,-84.47,SELL
Josh Okogie,CHO,SG,26.0,8.25,3.42,39.54,-141.23,40.0,-84.74,SELL
Evan Turner,ATL,SG,31.0,18.606556,6.85,20.52,-171.63,50.0,-85.81,SELL
Kobe Bufkin,ATL,SG,21.0,4.299,1.74,24.06,-147.07,40.0,-88.24,SELL
Terance Mann,ATL,SG,28.0,11.423077,5.43,47.67,-110.37,20.0,-88.3,SELL
CJ Elleby,POR,SF,21.0,1.755313,0.71,40.63,-147.23,40.0,-88.34,SELL
Nerlens Noel,BRK,C,28.0,9.957237,4.02,28.81,-147.69,40.0,-88.61,SELL
Kevin Huerter,CHI,SG,26.0,16.830357,7.93,49.81,-112.24,20.0,-89.79,SELL
Sekou Doumbouya,LAL,PF,21.0,4.393114,1.74,35.07,-152.48,40.0,-91.49,SELL
Scoot Henderson,POR,PG,20.0,10.25916,4.78,55.66,-114.63,20.0,-91.7,SELL
Raul Neto,CLE,PG,30.0,2.612008,0.92,34.72,-183.91,50.0,-91.95,SELL
Tre Jones,CHI,PG,25.0,9.104167,3.58,46.97,-154.31,40.0,-92.59,SELL
KJ Martin,UTA,PF,24.0,7.975,3.13,37.81,-154.79,40.0,-92.87,SELL
Miles McBride,NYK,PG,24.0,4.710144,2.16,49.2,-118.06,20.0,-94.45,SELL
Terry Rozier,MIA,PG,30.0,24.924126,10.59,47.32,-135.36,30.0,-94.75,SELL
OG Anunoby,NYK,PF,27.0,36.637932,18.76,63.58,-95.3,0.0,-95.3,SELL
Jaden McDaniels,MIN,PF,24.0,23.017242,11.51,59.62,-99.98,0.0,-99.98,SELL
John Wall,LAC,PG,32.0,50.200141,16.05,45.22,-212.77,50.0,-106.39,SELL
Luguentz Dort,OKC,SF,25.0,16.5,7.05,52.8,-134.04,20.0,-107.23,SELL
Tristan Da Silva,ORL,SF,23.0,3.62844,1.68,45.79,-115.98,0.0,-115.98,SELL
Zach Collins,CHI,PF,27.0,16.7412,6.77,45.74,-147.29,20.0,-117.83,SELL
Luka Garza,MIN,C,26.0,2.162606,0.72,30.0,-200.36,40.0,-120.22,SELL
Cole Anthony,ORL,PG,24.0,12.9,5.13,49.92,-151.46,20.0,-121.17,SELL
Keldon Johnson,SAS,SF,25.0,19.0,8.58,54.0,-121.45,0.0,-121.45,SELL
Jevon Carter,CHI,PG,29.0,6.5,2.12,30.79,-206.6,40.0,-123.96,SELL
Miye Oni,UTA,SG,24.0,1.094206,0.35,11.76,-212.63,40.0,-127.58,SELL
Gary Harris,ORL,SG,30.0,7.5,2.1,33.47,-257.14,50.0,-128.57,SELL
Otto Porter Jr.,CHI,SF,26.0,27.250575,8.66,39.67,-214.67,40.0,-128.8,SELL
Kentavious Caldwell-Pope,ORL,SG,31.0,22.757,9.23,50.68,-146.55,10.0,-131.9,SELL
Matas Buzelis,CHI,SF,20.0,5.19552,2.22,50.94,-134.03,0.0,-134.03,SELL
Mitchell Robinson,NYK,C,26.0,14.318182,4.41,29.51,-224.68,40.0,-134.81,SELL
Lonzo Ball,CHI,PG,27.0,21.395348,6.57,41.85,-225.65,40.0,-135.39,SELL
Patrick Williams,CHI,PF,23.0,18.0,6.67,47.72,-169.87,20.0,-135.9,SELL
Julian Strawther,DEN,SG,22.0,2.55252,0.94,45.06,-171.54,20.0,-137.23,SELL
Moses Moody,GSW,SG,22.0,5.803269,2.44,49.9,-137.84,0.0,-137.84,SELL
Kemba Walker,DAL,PG,32.0,39.528872,10.37,27.78,-281.18,50.0,-140.59,SELL
Jae'Sean Tate,HOU,SF,29.0,7.565217,2.21,37.03,-242.32,40.0,-145.39,SELL
Joe Harris,DET,SG,32.0,20.520727,5.2,22.53,-294.63,50.0,-147.31,SELL
Davon Reed,LAL,SG,27.0,2.016808,0.58,29.95,-247.73,40.0,-148.64,SELL
Zaccharie Risacher,ATL,SF,19.0,12.56904,4.98,53.1,-152.39,0.0,-152.39,SELL
Taylor Hendricks,UTA,PF,21.0,5.84868,1.62,27.32,-261.03,40.0,-156.62,SELL
Davis Bertans,DAL,PF,29.0,18.50156,5.05,36.6,-266.37,40.0,-159.82,SELL
Bruce Brown,NOP,PG,28.0,23.0,6.23,41.09,-269.18,40.0,-161.51,SELL
Cristiano Felicio,CHI,C,28.0,9.175552,2.48,16.86,-269.98,40.0,-161.99,SELL
Jake Layman,MIN,SF,27.0,4.556222,1.2,24.98,-279.69,40.0,-167.81,SELL
Isaiah Joe,OKC,SG,25.0,12.99165,4.82,50.2,-169.54,0.0,-169.54,SELL
Chandler Parsons,ATL,PF,31.0,25.102511,5.52,19.9,-354.76,50.0,-177.38,SELL
Reggie Bullock,HOU,SF,32.0,14.632779,3.17,32.35,-361.6,50.0,-180.8,SELL
Isaiah Stewart,DET,C,23.0,15.0,4.55,51.54,-229.67,20.0,-183.74,SELL
Ben Simmons,LAC,PG,28.0,40.011909,9.47,40.59,-322.51,40.0,-193.51,SELL
John Konchar,MEM,SG,28.0,6.165,1.38,36.61,-346.74,40.0,-208.04,SELL
Max Christie,DAL,SG,21.0,7.142857,2.31,51.89,-209.21,0.0,-209.21,SELL
Jarred Vanderbilt,LAL,PF,25.0,10.714286,2.32,36.51,-361.82,40.0,-217.09,SELL
Romeo Langford,SAS,SG,23.0,5.973935,1.24,36.87,-381.77,40.0,-229.06,SELL
Marvin Bagley III,MEM,PF,25.0,12.5,2.54,28.18,-392.13,40.0,-235.28,SELL
Xavier Tillman Sr.,BOS,C,26.0,2.237691,0.43,19.5,-420.39,40.0,-252.23,SELL
Dennis Smith Jr.,NYK,PG,22.0,4.46364,0.79,34.73,-465.02,40.0,-279.01,SELL
Chris Duarte,CHI,SG,27.0,5.893768,0.97,25.35,-507.6,40.0,-304.56,SELL
Jonathan Isaac,ORL,PF,27.0,25.0,5.02,44.73,-398.01,20.0,-318.41,SELL
Allen Crabbe,MIN,SG-SF,27.0,18.5,2.67,30.72,-592.88,40.0,-355.73,SELL
Marko Guduric,MEM,SG,24.0,2.625,0.3,32.26,-775.0,40.0,-465.0,SELL
Aaron Holiday,HOU,PG,28.0,4.668,0.62,41.22,-652.9,20.0,-522.32,SELL
Terrence Shannon Jr.,MIN,SG,24.0,2.54664,0.23,32.05,-1007.23,40.0,-604.34,SELL
Josh Green,CHO,SG,24.0,12.654321,1.45,47.39,-772.71,20.0,-618.17,SELL
Malcolm Miller,TOR,SF,26.0,1.588231,0.12,25.76,-1223.53,40.0,-734.12,SELL
Cason Wallace,OKC,SG,21.0,5.55588,0.44,52.72,-1162.7,20.0,-930.16,SELL
Isaac Okoro,CLE,SG,24.0,10.185186,0.48,41.56,-2021.91,40.0,-1213.15,SELL
T.J. Leaf,IND,PF,22.0,2.81328,0.13,27.05,-2064.06,40.0,-1238.44,SELL
Anthony Black,ORL,PG,21.0,7.60776,0.38,53.17,-1902.04,0.0,-1902.04,SELL
Nathan Knight,MIN,PF,25.0,1.946784,0.05,33.87,-3793.57,40.0,-2276.14,SELL
Jacob Evans,MIN,SG,22.0,1.92588,0.04,29.48,-4714.7,40.0,-2828.82,SELL
